ImageName,ContentType
71.jpg,4
106.jpg,4
132.jpg,2
225.jpg,4
283.jpg,4
376.jpg,5
449.jpg,1
521.jpg,1
580.jpg,1
596.jpg,5
759.jpg,4
821.jpg,0
841.jpg,4
843.jpg,4
845.jpg,4
862.jpg,0
946.jpg,0
1164.jpg,4
1313.jpg,4
1339.jpg,4
1351.jpg,5
1441.jpg,4
1442.jpg,4
1463.jpg,4
1475.jpg,4
1493.jpg,4
1590.jpg,2
1621.jpg,4
1649.jpg,1
1677.jpg,4
1740.jpg,2
1744.jpg,4
1787.jpg,4
1855.jpg,2
1912.jpg,2
1919.jpg,2
1930.jpg,2
2071.jpg,4
2155.jpg,4
2163.jpg,1
2190.jpg,1
2206.jpg,4
2255.jpg,1
2276.jpg,2
2280.jpg,1
2303.jpg,3
2324.jpg,4
2369.jpg,2
2370.jpg,1
2558.jpg,4
2649.jpg,1
2659.jpg,2
2683.jpg,1
2695.jpg,2
2705.jpg,1
2724.jpg,2
2748.jpg,1
2762.jpg,1
3028.jpg,2
3040.jpg,0
3114.jpg,5
3142.jpg,0
3158.jpg,3
3196.jpg,3
3199.jpg,4
3215.jpg,0
3272.jpg,0
3289.jpg,5
3336.jpg,3
3362.jpg,2
3387.jpg,1
3409.jpg,4
3429.jpg,0
3460.jpg,0
3544.jpg,4
3550.jpg,0
3579.jpg,4
3634.jpg,4
3726.jpg,0
3842.jpg,2
3874.jpg,2
4209.jpg,4
4296.jpg,0
4307.jpg,1
4310.jpg,4
4406.jpg,4
4621.jpg,4
4680.jpg,2
4825.jpg,5
4834.jpg,5
4845.jpg,2
4867.jpg,4
4967.jpg,5
5139.jpg,2
5151.jpg,2
5188.jpg,2
5297.jpg,2
5298.jpg,2
5400.jpg,4
5463.jpg,4
5516.jpg,4
5579.jpg,4
5693.jpg,3
5772.jpg,3
5789.jpg,0
5817.jpg,2
5949.jpg,2
6015.jpg,3
6144.jpg,5
6145.jpg,1
6230.jpg,1
6240.jpg,0
6270.jpg,1
6291.jpg,3
6310.jpg,3
6324.jpg,1
6355.jpg,3
6358.jpg,5
6379.jpg,4
6541.jpg,5
6555.jpg,1
6564.jpg,5
6631.jpg,2
6633.jpg,2
6820.jpg,4
6897.jpg,5
6968.jpg,5
7061.jpg,4
7103.jpg,5
7199.jpg,4
7263.jpg,2
7416.jpg,5
7437.jpg,4
7488.jpg,4
7519.jpg,4
7593.jpg,5
7620.jpg,4
7685.jpg,4
7701.jpg,4
7734.jpg,3
7744.jpg,0
7752.jpg,5
7876.jpg,4
7909.jpg,4
7918.jpg,4
7931.jpg,4
7955.jpg,4
7967.jpg,0
7982.jpg,0
7987.jpg,4
8107.jpg,4
8117.jpg,0
8218.jpg,4
8237.jpg,0
8266.jpg,0
8274.jpg,4
8286.jpg,0
8508.jpg,5
8520.jpg,1
8624.jpg,4
8635.jpg,4
8645.jpg,4
8705.jpg,1
8707.jpg,1
8713.jpg,1
8799.jpg,4
8859.jpg,5
8861.jpg,1
8879.jpg,3
8906.jpg,3
8948.jpg,4
8976.jpg,4
8995.jpg,4
9001.jpg,3
9003.jpg,2
9019.jpg,3
9029.jpg,4
9089.jpg,3
9170.jpg,2
9237.jpg,1
9345.jpg,4
9418.jpg,3
9428.jpg,3
9482.jpg,4
9496.jpg,4
9520.jpg,2
9531.jpg,1
9538.jpg,4
9543.jpg,3
9578.jpg,4
9586.jpg,4
9636.jpg,4
9643.jpg,4
9658.jpg,4
9663.jpg,3
9671.jpg,5
9690.jpg,2
9732.jpg,5
9744.jpg,3
9753.jpg,3
9756.jpg,2
9783.jpg,3
9797.jpg,1
9806.jpg,2
9811.jpg,1
9857.jpg,3
9868.jpg,2
9911.jpg,2
9938.jpg,4
9993.jpg,2
9999.jpg,0
10021.jpg,3
10045.jpg,4
10106.jpg,2
10133.jpg,2
10160.jpg,3
10188.jpg,5
10213.jpg,2
10243.jpg,2
10289.jpg,3
10332.jpg,3
10401.jpg,2
10406.jpg,4
10425.jpg,2
10495.jpg,4
10549.jpg,1
10653.jpg,4
10679.jpg,3
10746.jpg,3
10772.jpg,3
10789.jpg,1
10827.jpg,3
10838.jpg,3
10908.jpg,3
10946.jpg,3
10958.jpg,3
10966.jpg,3
11033.jpg,3
11187.jpg,4
11267.jpg,1
11363.jpg,1
11391.jpg,4
11505.jpg,1
11569.jpg,2
11599.jpg,4
11651.jpg,1
11653.jpg,1
11813.jpg,3
11894.jpg,1
12004.jpg,2
12268.jpg,1
12302.jpg,3
12306.jpg,1
12331.jpg,4
12346.jpg,4
12423.jpg,2
12496.jpg,4
12533.jpg,4
12568.jpg,5
12605.jpg,4
12713.jpg,2
12728.jpg,2
12886.jpg,2
12930.jpg,2
12951.jpg,4
13285.jpg,4
13304.jpg,4
13316.jpg,4
13318.jpg,3
13335.jpg,1
13341.jpg,4
13357.jpg,1
13464.jpg,4
13470.jpg,3
13536.jpg,1
13565.jpg,1
13589.jpg,1
13650.jpg,1
13651.jpg,1
13677.jpg,1
13678.jpg,1
13723.jpg,3
13740.jpg,3
13760.jpg,4
13785.jpg,1
13825.jpg,1
13873.jpg,1
13878.jpg,1
13882.jpg,5
13895.jpg,5
13903.jpg,1
13948.jpg,5
13977.jpg,1
14421.jpg,1
14434.jpg,1
14446.jpg,1
14518.jpg,3
14605.jpg,2
14607.jpg,4
14632.jpg,3
14703.jpg,4
14790.jpg,1
14852.jpg,4
14917.jpg,1
14942.jpg,1
14946.jpg,1
14949.jpg,4
15360.jpg,1
15387.jpg,0
15641.jpg,1
15714.jpg,3
15827.jpg,2
15924.jpg,0
15942.jpg,1
15978.jpg,4
16176.jpg,1
16335.jpg,4
16348.jpg,5
16497.jpg,4
16505.jpg,4
16571.jpg,4
16601.jpg,4
16658.jpg,1
16728.jpg,1
16732.jpg,1
16852.jpg,2
16914.jpg,4
17291.jpg,4
17413.jpg,1
17569.jpg,4
17625.jpg,3
17690.jpg,4
17703.jpg,3
17842.jpg,4
17867.jpg,5
17871.jpg,4
17903.jpg,1
17922.jpg,4
17940.jpg,4
17950.jpg,3
17951.jpg,2
18087.jpg,5
18116.jpg,1
18140.jpg,1
18155.jpg,3
18160.jpg,4
18187.jpg,3
18222.jpg,4
18261.jpg,2
18386.jpg,4
18447.jpg,4
18536.jpg,4
18680.jpg,4
18715.jpg,4
18759.jpg,4
18870.jpg,5
19306.jpg,3
19503.jpg,1
19723.jpg,2
19773.jpg,4
19783.jpg,1
19906.jpg,5
19910.jpg,1
19923.jpg,4
19991.jpg,1
20111.jpg,1
20342.jpg,1
20389.jpg,1
20458.jpg,4
20573.jpg,1
20588.jpg,5
20702.jpg,4
20765.jpg,4
20850.jpg,1
20908.jpg,1
20998.jpg,4
21004.jpg,4
21103.jpg,4
21121.jpg,4
21384.jpg,4
21409.jpg,4
21424.jpg,4
21843.jpg,4
22135.jpg,4
22222.jpg,4
22228.jpg,4
22284.jpg,2
22305.jpg,1
22371.jpg,4
22402.jpg,4
22616.jpg,1
22688.jpg,5
22700.jpg,2
22984.jpg,3
23014.jpg,4
23036.jpg,5
23056.jpg,3
23317.jpg,4
23335.jpg,4
23379.jpg,2
23994.jpg,2
24228.jpg,4
24315.jpg,2
24368.jpg,3
24371.jpg,4
24922.jpg,2
24950.jpg,3
24969.jpg,3
25127.jpg,2
25174.jpg,1
25278.jpg,2
25289.jpg,2
25425.jpg,1
25430.jpg,3
25832.jpg,1
25850.jpg,3
25942.jpg,3
26079.jpg,2
26221.jpg,1
26638.jpg,4
26729.jpg,2
26851.jpg,1
27049.jpg,4
27089.jpg,1
27578.jpg,1
27626.jpg,2
27669.jpg,2
27694.jpg,2
27713.jpg,1
27732.jpg,1
27738.jpg,1
27770.jpg,4
27839.jpg,4
27977.jpg,2
27984.jpg,2
28116.jpg,2
28208.jpg,0
28346.jpg,1
28449.jpg,0
28529.jpg,4
28584.jpg,1
28615.jpg,2
28672.jpg,0
28978.jpg,4
29019.jpg,1
29032.jpg,0
29131.jpg,1
29164.jpg,4
29622.jpg,1
29679.jpg,2
29894.jpg,4
30072.jpg,2
30111.jpg,2
30260.jpg,4
30339.jpg,4
30358.jpg,2
30593.jpg,0
30710.jpg,0
30744.jpg,2
30890.jpg,5
30929.jpg,0
30956.jpg,0
30999.jpg,0
31044.jpg,0
31086.jpg,3
31245.jpg,3
31480.jpg,2
31787.jpg,0
31842.jpg,2
31858.jpg,2
31892.jpg,2
31894.jpg,1
31952.jpg,4
32025.jpg,3
32168.jpg,1
32218.jpg,5
32325.jpg,1
32783.jpg,2
33045.jpg,3
33184.jpg,4
33223.jpg,3
33371.jpg,3
33448.jpg,5
33587.jpg,1
33653.jpg,4
33756.jpg,0
33828.jpg,5
33931.jpg,3
34000.jpg,2
34015.jpg,4
34023.jpg,3
34135.jpg,1
34264.jpg,2
34301.jpg,3
34362.jpg,1
34365.jpg,4
34385.jpg,0
34440.jpg,2
34474.jpg,2
34496.jpg,3
34578.jpg,4
34837.jpg,5
35018.jpg,1
35160.jpg,4
35244.jpg,4
35456.jpg,4
35519.jpg,4
35571.jpg,2
35760.jpg,3
35763.jpg,4
35899.jpg,4
35900.jpg,1
35911.jpg,1
35946.jpg,4
36020.jpg,0
36429.jpg,0
36459.jpg,0
36470.jpg,0
36471.jpg,0
36560.jpg,1
36672.jpg,0
36754.jpg,0
36796.jpg,0
36806.jpg,0
36873.jpg,4
36877.jpg,0
37028.jpg,4
37041.jpg,2
37135.jpg,1
37432.jpg,0
37444.jpg,1
37525.jpg,2
37563.jpg,2
37651.jpg,3
38283.jpg,0
38343.jpg,0
38396.jpg,4
38476.jpg,0
38665.jpg,0
38721.jpg,0
38723.jpg,0
38860.jpg,4
38963.jpg,0
39009.jpg,0
39096.jpg,0
39121.jpg,2
39133.jpg,0
39170.jpg,0
39185.jpg,0
39215.jpg,2
39236.jpg,2
39348.jpg,0
39373.jpg,0
39378.jpg,0
39388.jpg,4
39404.jpg,2
39423.jpg,0
39640.jpg,3
39802.jpg,2
39877.jpg,2
40045.jpg,0
40160.jpg,4
40496.jpg,1
40500.jpg,1
40540.jpg,1
40736.jpg,1
40780.jpg,2
40784.jpg,2
40792.jpg,1
40800.jpg,3
40833.jpg,3
40888.jpg,1
41218.jpg,1
41270.jpg,1
41346.jpg,3
41389.jpg,1
41399.jpg,1
41404.jpg,1
42016.jpg,3
42027.jpg,3
42033.jpg,0
42035.jpg,2
42042.jpg,5
42313.jpg,2
42335.jpg,4
42411.jpg,5
42429.jpg,4
42462.jpg,4
42533.jpg,2
42592.jpg,0
42659.jpg,0
42666.jpg,4
42865.jpg,3
42873.jpg,4
42886.jpg,3
42969.jpg,5
43002.jpg,4
43030.jpg,3
43053.jpg,3
43093.jpg,3
43187.jpg,1
43231.jpg,1
43303.jpg,3
43785.jpg,1
43909.jpg,4
43950.jpg,4
43970.jpg,4
44232.jpg,0
44275.jpg,5
44303.jpg,3
44318.jpg,3
44374.jpg,4
44382.jpg,2
44619.jpg,3
44701.jpg,0
44722.jpg,4
44731.jpg,4
44907.jpg,1
44981.jpg,3
44999.jpg,4
45101.jpg,1
45136.jpg,5
45346.jpg,5
45451.jpg,4
45550.jpg,4
45608.jpg,4
45698.jpg,1
45828.jpg,2
45877.jpg,3
46022.jpg,1
46087.jpg,1
46244.jpg,3
46515.jpg,1
46521.jpg,3
46605.jpg,1
46615.jpg,4
46652.jpg,3
46675.jpg,4
47253.jpg,4
47350.jpg,0
47357.jpg,2
47460.jpg,1
47982.jpg,4
48199.jpg,2
48585.jpg,2
48839.jpg,2
48917.jpg,5
49033.jpg,2
49107.jpg,3
49154.jpg,0
49368.jpg,1
49397.jpg,4
49727.jpg,4
49804.jpg,1
49826.jpg,3
49977.jpg,1
50025.jpg,3
50198.jpg,0
50211.jpg,3
50224.jpg,4
50467.jpg,3
50545.jpg,3
50598.jpg,3
50607.jpg,1
50611.jpg,3
50654.jpg,5
50744.jpg,3
50799.jpg,1
50872.jpg,3
50877.jpg,1
50884.jpg,0
50909.jpg,0
51039.jpg,5
51067.jpg,5
51130.jpg,1
51170.jpg,1
51199.jpg,5
51473.jpg,4
51504.jpg,1
51582.jpg,4
51719.jpg,0
51826.jpg,0
51913.jpg,3
51980.jpg,4
52038.jpg,2
52122.jpg,0
52235.jpg,1
52478.jpg,0
52599.jpg,4
52792.jpg,1
52879.jpg,4
52937.jpg,4
52998.jpg,0
53073.jpg,2
53442.jpg,1
53525.jpg,0
53734.jpg,2
53758.jpg,2
53986.jpg,3
54184.jpg,1
54201.jpg,1
54324.jpg,1
54336.jpg,4
54458.jpg,1
54514.jpg,2
54542.jpg,1
54599.jpg,3
54614.jpg,5
54717.jpg,1
54773.jpg,1
54774.jpg,1
54920.jpg,2
55012.jpg,4
55078.jpg,0
55242.jpg,0
55420.jpg,0
55483.jpg,2
55522.jpg,0
55530.jpg,1
55541.jpg,0
55574.jpg,0
55587.jpg,0
55640.jpg,0
55670.jpg,1
55683.jpg,3
55729.jpg,1
55742.jpg,1
55757.jpg,0
55771.jpg,0
55986.jpg,1
56053.jpg,1
56468.jpg,3
56702.jpg,0
57023.jpg,4
57203.jpg,0
57751.jpg,0
57843.jpg,2
57875.jpg,4
58416.jpg,4
58453.jpg,4
58524.jpg,0
58894.jpg,4
59127.jpg,4
59484.jpg,3
59722.jpg,3
60097.jpg,4
60283.jpg,4
60392.jpg,4
60416.jpg,4
60459.jpg,3
60491.jpg,3
60505.jpg,3
60515.jpg,0
60524.jpg,4
60587.jpg,3
60588.jpg,0
60745.jpg,4
60879.jpg,4
60921.jpg,4
60932.jpg,4
60978.jpg,4
61144.jpg,2
61719.jpg,1
61744.jpg,0
61864.jpg,0
61912.jpg,3
61924.jpg,0
62081.jpg,0
62119.jpg,3
62140.jpg,2
62371.jpg,4
62546.jpg,4
62561.jpg,3
62572.jpg,3
62594.jpg,3
62761.jpg,3
63028.jpg,2
63265.jpg,3
63453.jpg,2
63573.jpg,1
63588.jpg,1
63621.jpg,1
63633.jpg,0
63714.jpg,4
63729.jpg,0
63735.jpg,1
63802.jpg,2
63869.jpg,0
63888.jpg,2
64035.jpg,3
64085.jpg,1
64180.jpg,2
64270.jpg,0
64353.jpg,2
64384.jpg,3
64394.jpg,4
64500.jpg,2
64507.jpg,1
64527.jpg,2
64533.jpg,4
64577.jpg,2
64593.jpg,2
64656.jpg,5
64665.jpg,1
64679.jpg,2
64725.jpg,1
64761.jpg,3
64833.jpg,5
64847.jpg,1
64925.jpg,1
64947.jpg,1
64975.jpg,1
65116.jpg,1
65209.jpg,0
65221.jpg,0
65257.jpg,1
65321.jpg,4
65327.jpg,4
65510.jpg,2
65555.jpg,4
65619.jpg,4
65667.jpg,2
65700.jpg,3
65725.jpg,0
65768.jpg,4
65849.jpg,1
65858.jpg,4
65867.jpg,2
65911.jpg,1
65963.jpg,1
65970.jpg,2
66108.jpg,1
66158.jpg,4
66252.jpg,1
66342.jpg,4
66514.jpg,4
66692.jpg,3
66696.jpg,4
66917.jpg,0
66971.jpg,0
66984.jpg,2
66991.jpg,2
67207.jpg,4
67270.jpg,2
67323.jpg,4
67365.jpg,3
67390.jpg,2
67412.jpg,0
67452.jpg,3
67575.jpg,2
67637.jpg,4
67658.jpg,2
68127.jpg,3
68212.jpg,4
68250.jpg,4
68252.jpg,4
68544.jpg,5
68624.jpg,5
69233.jpg,1
69556.jpg,4
69653.jpg,0
69911.jpg,4
70123.jpg,5
70169.jpg,2
70281.jpg,3
70282.jpg,2
70302.jpg,0
70503.jpg,3
70507.jpg,2
70566.jpg,2
70626.jpg,3
70665.jpg,5
70684.jpg,3
70724.jpg,0
70815.jpg,0
70921.jpg,3
70952.jpg,2
70997.jpg,3
71085.jpg,4
71124.jpg,1
71232.jpg,2
71657.jpg,4
71717.jpg,3
71957.jpg,3
71993.jpg,3
72134.jpg,3
72155.jpg,1
72164.jpg,1
72319.jpg,0
72578.jpg,3
72637.jpg,3
72664.jpg,3
72787.jpg,1
72796.jpg,4
72834.jpg,5
72898.jpg,4
73186.jpg,0
73316.jpg,4
73851.jpg,4
73872.jpg,4
74434.jpg,1
74613.jpg,0
74979.jpg,0
75305.jpg,3
75369.jpg,3
75416.jpg,2
75490.jpg,2
75549.jpg,4
75761.jpg,4
76081.jpg,4
76104.jpg,1
76251.jpg,4
76253.jpg,0
76577.jpg,0
76614.jpg,3
76702.jpg,0
76743.jpg,0
76980.jpg,0
77028.jpg,2
77055.jpg,4
77138.jpg,2
77157.jpg,4
77359.jpg,4
77373.jpg,1
77486.jpg,2
77493.jpg,2
78533.jpg,3
78661.jpg,0
78742.jpg,1
78785.jpg,0
78800.jpg,1
78859.jpg,0
79099.jpg,1
79122.jpg,2
79237.jpg,0
79290.jpg,2
79346.jpg,3
79720.jpg,4
79829.jpg,0
80122.jpg,3
80529.jpg,3
80779.jpg,1
81045.jpg,0
81053.jpg,3
81069.jpg,3
81132.jpg,3
81216.jpg,2
81243.jpg,3
81591.jpg,3
81606.jpg,1
81723.jpg,1
81799.jpg,1
81824.jpg,1
82260.jpg,0
82347.jpg,2
82362.jpg,5
82736.jpg,1
82812.jpg,1
83036.jpg,3
83054.jpg,1
83469.jpg,4
83481.jpg,1
83539.jpg,2
83546.jpg,1
83614.jpg,1
83650.jpg,2
83733.jpg,2
83748.jpg,1
83874.jpg,1
83970.jpg,1
83976.jpg,4
84008.jpg,1
84092.jpg,5
84188.jpg,4
84383.jpg,1
84485.jpg,2
84688.jpg,1
84807.jpg,0
84821.jpg,3
84823.jpg,4
85021.jpg,1
85052.jpg,0
85059.jpg,4
85268.jpg,1
85316.jpg,0
85329.jpg,2
85623.jpg,2
85938.jpg,2
85970.jpg,2
86096.jpg,1
86099.jpg,2
86167.jpg,2
86213.jpg,2
86392.jpg,5
86409.jpg,2
86415.jpg,1
86456.jpg,3
86463.jpg,0
86519.jpg,0
86577.jpg,0
86625.jpg,0
86635.jpg,1
86638.jpg,0
86704.jpg,3
86836.jpg,4
87011.jpg,3
87023.jpg,1
87103.jpg,5
87105.jpg,1
88075.jpg,2
88213.jpg,0
88246.jpg,1
88469.jpg,2
88934.jpg,0
89008.jpg,4
89227.jpg,4
89229.jpg,5
89403.jpg,4
89750.jpg,5
90250.jpg,0
90258.jpg,4
90361.jpg,3
90452.jpg,2
90454.jpg,4
91022.jpg,1
91028.jpg,1
91361.jpg,4
91666.jpg,4
91917.jpg,4
92033.jpg,3
92107.jpg,0
92113.jpg,1
92421.jpg,4
92669.jpg,4
92678.jpg,4
92896.jpg,4
93597.jpg,3
93618.jpg,4
93715.jpg,4
93797.jpg,0
93807.jpg,4
93887.jpg,4
93920.jpg,4
94564.jpg,0
94739.jpg,0
94788.jpg,5
94859.jpg,4
94924.jpg,4
94928.jpg,0
95043.jpg,1
95079.jpg,1
95081.jpg,4
95177.jpg,0
95183.jpg,0
95280.jpg,3
95318.jpg,0
95600.jpg,0
95626.jpg,2
95629.jpg,4
95650.jpg,0
96064.jpg,4
96222.jpg,3
96293.jpg,2
96408.jpg,3
96619.jpg,5
96640.jpg,3
96702.jpg,1
96795.jpg,1
96808.jpg,3
96851.jpg,3
96972.jpg,1
96991.jpg,1
97306.jpg,3
97550.jpg,4
97566.jpg,1
97675.jpg,1
97807.jpg,1
97984.jpg,4
98007.jpg,4
98281.jpg,1
98292.jpg,4
98528.jpg,2
98721.jpg,2
98908.jpg,2
99416.jpg,2
99711.jpg,2
99725.jpg,2
100397.jpg,5
100576.jpg,2
100856.jpg,2
101495.jpg,1
101520.jpg,3
101675.jpg,1
101683.jpg,3
101801.jpg,3
101862.jpg,5
101914.jpg,4
101995.jpg,3
102177.jpg,2
102284.jpg,1
102350.jpg,1
102518.jpg,1
102676.jpg,1
102695.jpg,1
102807.jpg,4
103052.jpg,3
103063.jpg,1
103072.jpg,1
103253.jpg,2
103543.jpg,1
103788.jpg,4
103943.jpg,1
103981.jpg,4
104590.jpg,2
104691.jpg,1
104844.jpg,2
104935.jpg,2
105034.jpg,2
105038.jpg,2
105054.jpg,1
105190.jpg,3
105237.jpg,2
106114.jpg,2
106154.jpg,2
106183.jpg,2
106298.jpg,2
106315.jpg,4
106355.jpg,2
106488.jpg,3
106707.jpg,3
106752.jpg,4
106948.jpg,2
107292.jpg,4
107387.jpg,2
107397.jpg,3
107747.jpg,1
107893.jpg,1
107902.jpg,1
107995.jpg,2
108276.jpg,3
108767.jpg,3
108843.jpg,3
108897.jpg,2
108991.jpg,3
108992.jpg,3
109019.jpg,2
109439.jpg,0
109501.jpg,1
109944.jpg,4
110069.jpg,4
110121.jpg,5
110478.jpg,4
110898.jpg,2
111389.jpg,2
111481.jpg,2
111574.jpg,2
111851.jpg,2
112137.jpg,4
112268.jpg,2
112357.jpg,3
112845.jpg,1
112988.jpg,1
113167.jpg,1
113305.jpg,1
113334.jpg,3
113348.jpg,1
113386.jpg,1
113504.jpg,3
113581.jpg,1
113618.jpg,1
113640.jpg,1
113892.jpg,3
114142.jpg,5
114243.jpg,1
114391.jpg,3
114598.jpg,5
114819.jpg,4
114842.jpg,2
114929.jpg,3
115173.jpg,3
115244.jpg,4
115482.jpg,3
115739.jpg,2
115814.jpg,4
115846.jpg,3
116348.jpg,4
116365.jpg,4
116418.jpg,3
116447.jpg,3
116533.jpg,2
116583.jpg,4
116696.jpg,2
116698.jpg,3
116742.jpg,1
116820.jpg,3
116868.jpg,4
117023.jpg,4
117085.jpg,2
117880.jpg,3
118034.jpg,3
118100.jpg,4
118127.jpg,4
118351.jpg,4
118558.jpg,4
118629.jpg,2
119387.jpg,3
120212.jpg,4
120488.jpg,4
120701.jpg,5
120710.jpg,0
120822.jpg,3
120829.jpg,1
120904.jpg,1
121048.jpg,4
121107.jpg,4
121301.jpg,1
121306.jpg,2
121490.jpg,4
121637.jpg,3
121760.jpg,3
121814.jpg,3
121932.jpg,1
122391.jpg,2
122456.jpg,4
122528.jpg,4
123094.jpg,4
123290.jpg,0
123295.jpg,2
123345.jpg,4
123500.jpg,1
123901.jpg,2
124453.jpg,5
124465.jpg,4
124664.jpg,2
124853.jpg,4
125627.jpg,1
125923.jpg,4
126041.jpg,1
126114.jpg,1
126160.jpg,5
126207.jpg,1
126221.jpg,1
126240.jpg,3
126373.jpg,4
127346.jpg,2
127510.jpg,3
127766.jpg,3
128250.jpg,3
128807.jpg,2
129214.jpg,4
129270.jpg,4
129462.jpg,4
129947.jpg,2
130642.jpg,5
130703.jpg,4
130733.jpg,4
130807.jpg,4
131314.jpg,4
131618.jpg,5
131708.jpg,2
131762.jpg,2
131769.jpg,3
131822.jpg,4
132114.jpg,3
132224.jpg,2
132276.jpg,2
132340.jpg,2
132524.jpg,1
133252.jpg,4
133848.jpg,3
134050.jpg,3
134201.jpg,3
134511.jpg,1
134566.jpg,2
134722.jpg,3
134979.jpg,3
135271.jpg,4
135467.jpg,1
135722.jpg,1
136014.jpg,1
136223.jpg,1
136300.jpg,4
136329.jpg,2
136622.jpg,1
136729.jpg,1
136944.jpg,1
137059.jpg,1
137105.jpg,1
137131.jpg,1
137135.jpg,1
137137.jpg,1
137403.jpg,1
137691.jpg,3
138537.jpg,2
138702.jpg,1
139220.jpg,2
139622.jpg,4
139709.jpg,3
139845.jpg,0
140459.jpg,1
141044.jpg,3
141122.jpg,3
141279.jpg,1
141367.jpg,4
141446.jpg,1
141726.jpg,1
141791.jpg,4
142332.jpg,1
142468.jpg,1
142713.jpg,1
144022.jpg,2
144204.jpg,4
144520.jpg,2
144681.jpg,2
144900.jpg,5
145790.jpg,1
145842.jpg,2
146163.jpg,2
146217.jpg,3
146218.jpg,3
146420.jpg,2
146499.jpg,2
146542.jpg,1
146648.jpg,2
147015.jpg,1
147311.jpg,1
147442.jpg,1
147456.jpg,3
147553.jpg,1
147560.jpg,1
147632.jpg,3
148450.jpg,1
148651.jpg,2
148976.jpg,3
150653.jpg,4
150687.jpg,2
150855.jpg,1
151071.jpg,2
151184.jpg,4
151558.jpg,3
151701.jpg,3
151728.jpg,4
151768.jpg,4
151858.jpg,4
152145.jpg,3
152330.jpg,3
152350.jpg,3
152989.jpg,3
153148.jpg,3
153179.jpg,3
153252.jpg,3
153369.jpg,3
153427.jpg,3
154770.jpg,2
154983.jpg,4
155106.jpg,5
155374.jpg,1
155483.jpg,1
155484.jpg,1
155772.jpg,4
156532.jpg,2
156553.jpg,3
156784.jpg,3
156796.jpg,3
156829.jpg,3
156850.jpg,2
157028.jpg,5
157412.jpg,4
157452.jpg,3
157584.jpg,3
157741.jpg,3
157873.jpg,2
157890.jpg,2
157994.jpg,4
158075.jpg,3
158120.jpg,0
158175.jpg,4
158464.jpg,2
158624.jpg,2
158930.jpg,2
159229.jpg,3
159789.jpg,2
160294.jpg,4
160306.jpg,5
160307.jpg,1
160356.jpg,4
160406.jpg,5
160780.jpg,3
160981.jpg,3
161126.jpg,4
161134.jpg,3
161308.jpg,3
161870.jpg,3
162164.jpg,2
162382.jpg,1
163607.jpg,1
163636.jpg,4
163677.jpg,1
163812.jpg,1
163829.jpg,1
163929.jpg,1
163945.jpg,1
164034.jpg,5
164074.jpg,1
164236.jpg,1
164657.jpg,3
164802.jpg,2
164980.jpg,1
164990.jpg,3
165064.jpg,2
165125.jpg,2
165129.jpg,1
165380.jpg,3
165492.jpg,1
165530.jpg,1
165651.jpg,5
165807.jpg,1
165901.jpg,3
166027.jpg,5
167143.jpg,2
167194.jpg,2
167417.jpg,2
167525.jpg,3
167649.jpg,2
167650.jpg,2
167885.jpg,4
168054.jpg,3
168131.jpg,4
168169.jpg,3
168174.jpg,1
168312.jpg,3
168355.jpg,4
168451.jpg,4
168621.jpg,3
169138.jpg,1
169320.jpg,3
169829.jpg,4
170711.jpg,1
170715.jpg,5
170801.jpg,4
170879.jpg,3
170900.jpg,2
171261.jpg,4
171447.jpg,2
171632.jpg,2
171662.jpg,1
172402.jpg,2
172473.jpg,3
172774.jpg,2
173059.jpg,2
173146.jpg,1
173399.jpg,1
173472.jpg,1
173558.jpg,1
174299.jpg,4
174301.jpg,3
174691.jpg,2
174719.jpg,4
175144.jpg,4
175478.jpg,0
175666.jpg,3
175880.jpg,2
176323.jpg,1
177263.jpg,5
178255.jpg,2
178568.jpg,2
178933.jpg,4
179099.jpg,4
179304.jpg,4
180770.jpg,3
180804.jpg,3
180917.jpg,3
180935.jpg,1
181017.jpg,3
181175.jpg,2
181718.jpg,4
181772.jpg,2
182219.jpg,3
182837.jpg,1
182852.jpg,1
182892.jpg,3
183220.jpg,1
183933.jpg,5
184207.jpg,2
184447.jpg,1
185871.jpg,2
186622.jpg,1
186715.jpg,1
188284.jpg,4
189172.jpg,1
189326.jpg,3
189512.jpg,3
189607.jpg,3
190212.jpg,2
190259.jpg,0
190556.jpg,4
190658.jpg,5
192290.jpg,4
192460.jpg,2
192662.jpg,4
192666.jpg,3
192761.jpg,4
192894.jpg,1
193879.jpg,1
195644.jpg,1
196108.jpg,3
196253.jpg,1
196287.jpg,3
196318.jpg,1
196426.jpg,1
196443.jpg,1
196999.jpg,3
197407.jpg,4
197909.jpg,4
198400.jpg,4
199291.jpg,4
199586.jpg,4
200422.jpg,4
200444.jpg,1
200517.jpg,0
200718.jpg,4
202177.jpg,2
202182.jpg,4
202209.jpg,2
202306.jpg,4
202453.jpg,4
202739.jpg,2
202789.jpg,2
202861.jpg,4
203123.jpg,4
203814.jpg,2
203939.jpg,4
204858.jpg,3
204861.jpg,0
204949.jpg,0
205016.jpg,2
205030.jpg,4
205294.jpg,3
205433.jpg,0
206144.jpg,4
206162.jpg,4
206668.jpg,3
207660.jpg,4
208158.jpg,2
208409.jpg,2
208543.jpg,3
208551.jpg,4
208560.jpg,2
208619.jpg,3
208653.jpg,4
209504.jpg,3
209607.jpg,4
210526.jpg,4
210559.jpg,4
210561.jpg,4
210567.jpg,5
210874.jpg,1
210910.jpg,1
211023.jpg,4
211500.jpg,1
211851.jpg,1
212197.jpg,3
212426.jpg,5
212960.jpg,2
213464.jpg,3
214007.jpg,4
214299.jpg,2
214450.jpg,2
214515.jpg,2
214862.jpg,4
215425.jpg,4
216053.jpg,4
216207.jpg,4
216659.jpg,1
216663.jpg,2
217145.jpg,2
217450.jpg,3
217497.jpg,4
217534.jpg,3
217894.jpg,1
218382.jpg,2
218759.jpg,2
218832.jpg,2
219066.jpg,2
219344.jpg,2
220038.jpg,1
220389.jpg,2
220701.jpg,2
220998.jpg,0
221715.jpg,4
223462.jpg,2
223727.jpg,3
223730.jpg,2
223742.jpg,1
223878.jpg,3
223955.jpg,1
223987.jpg,2
224038.jpg,4
224239.jpg,4
224632.jpg,4
225141.jpg,0
225248.jpg,2
225843.jpg,3
226099.jpg,1
226212.jpg,4
226501.jpg,1
226532.jpg,2
226658.jpg,1
226808.jpg,2
227107.jpg,5
227143.jpg,3
227198.jpg,0
227206.jpg,2
227353.jpg,2
227851.jpg,2
228773.jpg,2
228896.jpg,3
228902.jpg,4
228910.jpg,2
228959.jpg,4
228978.jpg,2
229183.jpg,0
229265.jpg,2
229345.jpg,1
229771.jpg,3
229960.jpg,1
230111.jpg,2
230172.jpg,2
230231.jpg,2
230233.jpg,2
230310.jpg,2
230353.jpg,2
230496.jpg,1
230976.jpg,4
230987.jpg,3
230996.jpg,1
231067.jpg,1
231069.jpg,1
231095.jpg,1
231141.jpg,3
231246.jpg,1
231351.jpg,3
231360.jpg,3
231586.jpg,4
232313.jpg,2
232455.jpg,1
232525.jpg,1
232611.jpg,3
232655.jpg,0
232893.jpg,2
234179.jpg,2
234617.jpg,5
235358.jpg,2
235660.jpg,3
236033.jpg,2
236146.jpg,4
236211.jpg,3
236965.jpg,5
236999.jpg,3
237025.jpg,2
237139.jpg,1
237638.jpg,1
237953.jpg,0
238051.jpg,1
238400.jpg,5
238753.jpg,3
238797.jpg,3
238898.jpg,3
239403.jpg,1
239562.jpg,1
240351.jpg,4
241902.jpg,3
242142.jpg,5
242843.jpg,5
242874.jpg,1
242887.jpg,1
242949.jpg,4
243153.jpg,3
243557.jpg,3
243959.jpg,2
244150.jpg,3
244184.jpg,3
244261.jpg,3
244353.jpg,4
244395.jpg,1
244400.jpg,3
244562.jpg,3
244683.jpg,1
244754.jpg,1
244867.jpg,3
244919.jpg,3
245009.jpg,3
245130.jpg,3
245157.jpg,3
245186.jpg,3
245250.jpg,1
245384.jpg,2
245640.jpg,2
245894.jpg,1
246039.jpg,1
246275.jpg,2
246351.jpg,3
247479.jpg,2
247925.jpg,2
248238.jpg,2
248336.jpg,3
248428.jpg,3
249375.jpg,2
250452.jpg,3
251224.jpg,1
251803.jpg,4
251858.jpg,1
251945.jpg,2
252020.jpg,2
252026.jpg,2
252085.jpg,1
252167.jpg,4
252281.jpg,2
252336.jpg,1
252348.jpg,2
252350.jpg,4
252355.jpg,2
252498.jpg,2
252553.jpg,3
252660.jpg,1
254287.jpg,3
254412.jpg,3
254460.jpg,3
254566.jpg,3
254569.jpg,4
254936.jpg,5
255307.jpg,3
255537.jpg,1
255564.jpg,1
255566.jpg,3
255852.jpg,2
258054.jpg,3
258356.jpg,3
258363.jpg,3
258461.jpg,0
259337.jpg,3
260730.jpg,3
260865.jpg,1
261967.jpg,2
262628.jpg,3
262795.jpg,3
262991.jpg,1
263034.jpg,3
263075.jpg,3
263117.jpg,3
263287.jpg,1
263462.jpg,1
263700.jpg,0
264123.jpg,3
264898.jpg,2
265358.jpg,5
265405.jpg,4
265440.jpg,4
266717.jpg,4
266868.jpg,1
267110.jpg,3
268026.jpg,5
268063.jpg,4
268112.jpg,4
268152.jpg,2
268200.jpg,4
268321.jpg,2
268649.jpg,2
268936.jpg,5
269477.jpg,1
269756.jpg,2
269825.jpg,4
269966.jpg,4
270094.jpg,3
270217.jpg,2
270446.jpg,1
270815.jpg,2
271163.jpg,1
271315.jpg,0
272158.jpg,4
272248.jpg,2
272618.jpg,1
272719.jpg,2
273137.jpg,4
273908.jpg,2
274592.jpg,2
274602.jpg,2
274611.jpg,1
274673.jpg,3
274880.jpg,2
274906.jpg,2
275063.jpg,1
275132.jpg,3
275508.jpg,3
275519.jpg,3
276277.jpg,4
276348.jpg,1
276367.jpg,1
276426.jpg,3
276534.jpg,3
276549.jpg,2
276859.jpg,1
277088.jpg,4
277364.jpg,3
277497.jpg,1
277561.jpg,3
277651.jpg,4
277918.jpg,1
278638.jpg,4
278902.jpg,1
278934.jpg,3
279371.jpg,0
279465.jpg,3
279614.jpg,2
279671.jpg,2
279839.jpg,3
279852.jpg,5
279935.jpg,3
280348.jpg,1
280483.jpg,4
280521.jpg,3
280550.jpg,2
280555.jpg,3
280577.jpg,0
280581.jpg,3
280582.jpg,3
280585.jpg,4
280870.jpg,3
280927.jpg,3
281042.jpg,3
281085.jpg,2
281132.jpg,3
281192.jpg,1
281321.jpg,3
281444.jpg,2
281467.jpg,0
281531.jpg,3
281596.jpg,3
281602.jpg,5
281746.jpg,3
281894.jpg,3
282313.jpg,1
282648.jpg,3
282788.jpg,1
282834.jpg,1
282953.jpg,1
283216.jpg,0
283439.jpg,2
283492.jpg,0
283632.jpg,2
283707.jpg,2
283713.jpg,0
284231.jpg,0
284436.jpg,0
284608.jpg,0
284622.jpg,2
284651.jpg,2
284703.jpg,0
284750.jpg,0
284836.jpg,2
284873.jpg,0
284905.jpg,0
284948.jpg,0
284984.jpg,0
285018.jpg,0
285022.jpg,4
285117.jpg,2
285292.jpg,0
285316.jpg,0
285361.jpg,0
285411.jpg,2
285473.jpg,1
285491.jpg,0
286141.jpg,0
286178.jpg,2
286195.jpg,4
286418.jpg,4
286899.jpg,4
286909.jpg,4
287029.jpg,2
287050.jpg,0
287069.jpg,3
287564.jpg,4
287667.jpg,1
287752.jpg,3
287838.jpg,0
288012.jpg,2
288078.jpg,1
288586.jpg,3
288645.jpg,0
288830.jpg,2
288937.jpg,0
289001.jpg,4
289013.jpg,0
289122.jpg,3
289161.jpg,2
290694.jpg,4
290739.jpg,0
291021.jpg,5
291920.jpg,0
292218.jpg,0
292367.jpg,5
292493.jpg,2
292578.jpg,3
293842.jpg,3
294171.jpg,3
294589.jpg,2
294696.jpg,3
295540.jpg,2
295901.jpg,2
296918.jpg,2
297092.jpg,3
297336.jpg,0
297618.jpg,2
297915.jpg,2
298152.jpg,0
298492.jpg,2
300412.jpg,2
300698.jpg,4
301007.jpg,2
301020.jpg,3
301292.jpg,3
301727.jpg,2
301738.jpg,3
301819.jpg,3
302541.jpg,0
303044.jpg,5
303080.jpg,0
303163.jpg,4
303243.jpg,0
303381.jpg,5
303438.jpg,1
303450.jpg,2
304072.jpg,0
304443.jpg,2
304967.jpg,4
305166.jpg,3
305371.jpg,2
305405.jpg,0
305778.jpg,2
306005.jpg,2
306011.jpg,0
306132.jpg,1
306193.jpg,2
306325.jpg,1
306616.jpg,2
306876.jpg,2
307196.jpg,2
307726.jpg,1
307824.jpg,0
307883.jpg,1
308353.jpg,2
308404.jpg,3
308616.jpg,1
308619.jpg,1
308790.jpg,3
309261.jpg,4
309456.jpg,4
309596.jpg,1
309749.jpg,2
309879.jpg,0
310062.jpg,2
310063.jpg,2
310071.jpg,1
310287.jpg,4
310349.jpg,2
310527.jpg,2
310848.jpg,2
311515.jpg,2
311564.jpg,3
311572.jpg,1
312045.jpg,4
312146.jpg,4
312153.jpg,4
312213.jpg,2
312808.jpg,0
312874.jpg,4
312893.jpg,4
312932.jpg,2
313206.jpg,2
313267.jpg,2
313288.jpg,2
313336.jpg,4
313713.jpg,0
314046.jpg,1
314286.jpg,0
314344.jpg,5
314415.jpg,1
314437.jpg,3
314448.jpg,3
314529.jpg,1
314829.jpg,3
314928.jpg,5
315005.jpg,3
315307.jpg,2
315590.jpg,5
315599.jpg,3
316153.jpg,4
316223.jpg,4
316307.jpg,2
316344.jpg,3
316386.jpg,2
316398.jpg,4
317192.jpg,0
317287.jpg,0
317515.jpg,2
317544.jpg,4
317622.jpg,0
317778.jpg,4
317797.jpg,0
317805.jpg,0
317810.jpg,4
318758.jpg,2
318796.jpg,2
318798.jpg,2
318856.jpg,0
318862.jpg,2
318890.jpg,2
319006.jpg,0
319026.jpg,2
319115.jpg,2
319739.jpg,2
319919.jpg,2
319949.jpg,2
319952.jpg,2
320040.jpg,2
320187.jpg,3
320499.jpg,2
320965.jpg,2
321008.jpg,4
321193.jpg,2
321229.jpg,2
321255.jpg,4
321521.jpg,2
321833.jpg,2
321873.jpg,2
322000.jpg,2
322249.jpg,2
322374.jpg,0
322607.jpg,1
322779.jpg,5
322969.jpg,2
323015.jpg,2
323053.jpg,2
323773.jpg,0
323886.jpg,3
324145.jpg,1
324380.jpg,1
324639.jpg,2
325203.jpg,4
325571.jpg,0
325976.jpg,4
325986.jpg,5
326279.jpg,2
326495.jpg,0
326793.jpg,4
327412.jpg,2
327491.jpg,2
327998.jpg,2
328195.jpg,1
328206.jpg,4
328265.jpg,0
328452.jpg,4
328795.jpg,4
330417.jpg,1
330753.jpg,3
330960.jpg,1
331093.jpg,1
331108.jpg,5
331607.jpg,1
331612.jpg,0
331869.jpg,4
331899.jpg,1
331990.jpg,1
332114.jpg,1
332250.jpg,2
332290.jpg,1
332359.jpg,1
332376.jpg,0
332450.jpg,2
332475.jpg,1
333037.jpg,2
333447.jpg,2
333631.jpg,4
333647.jpg,2
333663.jpg,2
333801.jpg,2
333872.jpg,2
333949.jpg,2
334236.jpg,2
334513.jpg,4
334523.jpg,2
334545.jpg,2
334765.jpg,2
335049.jpg,0
335313.jpg,2
335351.jpg,2
335475.jpg,4
335854.jpg,0
336212.jpg,2
336261.jpg,2
336396.jpg,2
336407.jpg,2
336656.jpg,4
336718.jpg,0
337336.jpg,1
337392.jpg,4
337431.jpg,3
337574.jpg,0
338054.jpg,2
338198.jpg,4
338282.jpg,3
338335.jpg,4
338336.jpg,5
338492.jpg,4
338599.jpg,1
338966.jpg,3
339043.jpg,1
339124.jpg,1
339257.jpg,1
339259.jpg,1
339282.jpg,3
339425.jpg,1
339454.jpg,4
339560.jpg,1
339578.jpg,1
339580.jpg,1
339608.jpg,1
339609.jpg,1
339620.jpg,1
339713.jpg,1
339743.jpg,1
339787.jpg,1
339843.jpg,1
339868.jpg,1
339870.jpg,1
339874.jpg,1
339880.jpg,5
340042.jpg,3
340445.jpg,5
340695.jpg,1
341669.jpg,0
341962.jpg,1
341977.jpg,1
342459.jpg,0
342512.jpg,0
342556.jpg,5
342646.jpg,3
342682.jpg,3
342693.jpg,3
342730.jpg,3
343288.jpg,3
343608.jpg,3
343625.jpg,1
343696.jpg,2
343710.jpg,0
343727.jpg,2
343910.jpg,0
344377.jpg,3
344412.jpg,0
344467.jpg,4
344508.jpg,5
345387.jpg,1
345927.jpg,5
346091.jpg,0
346171.jpg,2
346257.jpg,4
346281.jpg,3
346301.jpg,1
346534.jpg,3
346575.jpg,3
346891.jpg,5
347365.jpg,2
347414.jpg,2
347442.jpg,0
347449.jpg,3
347605.jpg,1
348101.jpg,3
348187.jpg,4
348584.jpg,0
348954.jpg,0
348997.jpg,2
349052.jpg,2
349135.jpg,0
349210.jpg,3
349239.jpg,3
349415.jpg,2
349429.jpg,5
349599.jpg,1
349690.jpg,3
349733.jpg,0
350041.jpg,1
350213.jpg,2
350451.jpg,2
350466.jpg,1
350613.jpg,4
350766.jpg,4
350840.jpg,2
352846.jpg,2
353218.jpg,3
353440.jpg,0
354231.jpg,3
354676.jpg,2
354763.jpg,4
355250.jpg,4
356033.jpg,1
356173.jpg,2
356238.jpg,0
356411.jpg,4
356583.jpg,3
356677.jpg,3
356706.jpg,3
356808.jpg,5
356853.jpg,4
356929.jpg,3
357123.jpg,4
357186.jpg,0
357286.jpg,4
357292.jpg,3
357329.jpg,4
357333.jpg,2
358477.jpg,0
358728.jpg,5
359270.jpg,1
359334.jpg,1
359344.jpg,4
359984.jpg,3
360097.jpg,4
360421.jpg,0
360802.jpg,4
360968.jpg,1
361158.jpg,1
361735.jpg,4
361974.jpg,3
362294.jpg,2
362470.jpg,0
362577.jpg,0
364024.jpg,2
364081.jpg,3
364349.jpg,3
364497.jpg,4
364633.jpg,3
364922.jpg,4
364994.jpg,3
365027.jpg,4
365228.jpg,1
365498.jpg,3
365525.jpg,3
365626.jpg,1
365944.jpg,3
365965.jpg,3
366082.jpg,0
366172.jpg,3
366194.jpg,3
366780.jpg,4
367509.jpg,1
367688.jpg,3
367747.jpg,3
367963.jpg,3
368790.jpg,4
369275.jpg,1
369415.jpg,0
369480.jpg,2
369787.jpg,0
370639.jpg,5
371002.jpg,0
371038.jpg,0
371069.jpg,3
371714.jpg,1
372034.jpg,3
372217.jpg,3
372241.jpg,0
372686.jpg,0
372904.jpg,0
372919.jpg,5
373467.jpg,2
373504.jpg,2
373542.jpg,2
373720.jpg,4
374085.jpg,4
374636.jpg,3
375521.jpg,1
375580.jpg,2
375614.jpg,0
375686.jpg,0
375757.jpg,4
375873.jpg,2
376033.jpg,1
376971.jpg,1
376996.jpg,4
377173.jpg,1
377221.jpg,5
377310.jpg,4
377412.jpg,4
377573.jpg,1
378498.jpg,2
379186.jpg,2
379547.jpg,3
379666.jpg,4
379668.jpg,4
380018.jpg,3
381234.jpg,2
381269.jpg,2
382800.jpg,2
382857.jpg,2
383189.jpg,4
383358.jpg,3
383504.jpg,0
383662.jpg,3
383684.jpg,4
383713.jpg,0
383867.jpg,5
384005.jpg,0
384014.jpg,0
384046.jpg,0
384089.jpg,0
384138.jpg,0
384145.jpg,2
384175.jpg,4
384717.jpg,1
384781.jpg,3
385157.jpg,3
385163.jpg,2
385794.jpg,4
387042.jpg,4
387070.jpg,0
387092.jpg,4
387096.jpg,2
387247.jpg,3
387371.jpg,1
387411.jpg,2
387468.jpg,1
387498.jpg,2
387522.jpg,5
387593.jpg,1
387612.jpg,5
387632.jpg,2
387651.jpg,2
387654.jpg,2
387754.jpg,2
387811.jpg,2
387857.jpg,3
387898.jpg,3
388180.jpg,1
388363.jpg,1
388441.jpg,3
388579.jpg,3
388692.jpg,0
388808.jpg,3
388868.jpg,0
388932.jpg,5
388987.jpg,3
389273.jpg,3
389605.jpg,1
389806.jpg,4
389921.jpg,0
390067.jpg,2
390239.jpg,2
390965.jpg,2
391392.jpg,1
391446.jpg,3
391645.jpg,0
391936.jpg,3
393191.jpg,1
393432.jpg,3
393597.jpg,3
394025.jpg,3
394079.jpg,5
394088.jpg,3
394251.jpg,3
394347.jpg,5
394412.jpg,3
395051.jpg,4
395268.jpg,0
395328.jpg,5
395903.jpg,5
396631.jpg,0
396635.jpg,4
396756.jpg,2
397242.jpg,0
397435.jpg,4
397555.jpg,0
397739.jpg,0
398012.jpg,3
398327.jpg,1
398614.jpg,1
398624.jpg,4
399867.jpg,1
400082.jpg,3
400417.jpg,4
400694.jpg,4
400982.jpg,4
400996.jpg,3
401192.jpg,3
401247.jpg,0
401563.jpg,4
401652.jpg,0
401752.jpg,3
402085.jpg,3
402091.jpg,1
402252.jpg,2
402470.jpg,4
402561.jpg,2
402859.jpg,3
403643.jpg,3
403835.jpg,5
403923.jpg,2
404081.jpg,3
404404.jpg,2
404406.jpg,2
405168.jpg,0
405610.jpg,1
406043.jpg,4
407372.jpg,2
407521.jpg,2
408015.jpg,2
408107.jpg,2
409138.jpg,1
409166.jpg,4
409287.jpg,1
410627.jpg,3
410673.jpg,2
410806.jpg,0
411568.jpg,3
411858.jpg,1
412067.jpg,1
412170.jpg,3
412312.jpg,1
412486.jpg,3
412509.jpg,5
412706.jpg,2
412984.jpg,2
413192.jpg,4
413200.jpg,4
413335.jpg,1
413435.jpg,2
413999.jpg,0
414420.jpg,1
414677.jpg,1
415040.jpg,3
415234.jpg,3
415277.jpg,1
415437.jpg,4
415519.jpg,1
415665.jpg,3
416191.jpg,3
416210.jpg,4
416330.jpg,3
416717.jpg,4
417630.jpg,0
418842.jpg,2
419141.jpg,2
419235.jpg,3
419459.jpg,3
419500.jpg,3
419868.jpg,3
420121.jpg,1
420455.jpg,3
420602.jpg,3
420751.jpg,3
420754.jpg,2
420820.jpg,4
420827.jpg,5
420847.jpg,3
420904.jpg,2
420932.jpg,2
420933.jpg,3
421039.jpg,3
421056.jpg,2
421102.jpg,0
421280.jpg,3
421390.jpg,3
421505.jpg,1
421750.jpg,1
421771.jpg,3
422364.jpg,2
422398.jpg,1
422416.jpg,2
422504.jpg,2
422676.jpg,2
422711.jpg,2
422717.jpg,2
422751.jpg,1
423128.jpg,3
423418.jpg,3
423917.jpg,1
423933.jpg,0
424301.jpg,3
424343.jpg,3
424465.jpg,1
424676.jpg,0
424855.jpg,3
424988.jpg,1
425200.jpg,2
425511.jpg,1
425734.jpg,1
425752.jpg,2
425997.jpg,2
426037.jpg,1
426090.jpg,1
426142.jpg,1
426207.jpg,1
426246.jpg,1
426272.jpg,1
426381.jpg,3
426414.jpg,3
426466.jpg,3
426503.jpg,1
426517.jpg,0
426578.jpg,1
426623.jpg,3
426734.jpg,1
426786.jpg,3
426788.jpg,2
426857.jpg,2
427311.jpg,0
427538.jpg,0
428582.jpg,1
428583.jpg,0
428724.jpg,2
428836.jpg,1
429294.jpg,3
429304.jpg,1
429451.jpg,3
429678.jpg,1
429755.jpg,1
429820.jpg,3
429876.jpg,1
430148.jpg,1
430293.jpg,1
430337.jpg,1
430453.jpg,2
430470.jpg,2
430556.jpg,2
430836.jpg,3
431050.jpg,0
431251.jpg,0
431352.jpg,3
431751.jpg,2
432011.jpg,0
432356.jpg,2
432390.jpg,0
432665.jpg,4
432779.jpg,4
432964.jpg,2
433049.jpg,5
433357.jpg,5
433389.jpg,3
433450.jpg,1
433469.jpg,2
433797.jpg,2
434157.jpg,4
434374.jpg,2
434432.jpg,4
434663.jpg,5
435055.jpg,0
435229.jpg,2
435326.jpg,0
435443.jpg,0
435772.jpg,0
435779.jpg,0
435972.jpg,5
436034.jpg,0
436136.jpg,0
436157.jpg,4
436461.jpg,0
436700.jpg,0
436772.jpg,2
436924.jpg,0
436929.jpg,0
437005.jpg,2
437011.jpg,5
437093.jpg,2
437187.jpg,2
437270.jpg,3
437423.jpg,0
437760.jpg,0
437804.jpg,0
437809.jpg,0
437812.jpg,0
437842.jpg,1
437854.jpg,3
437877.jpg,0
437879.jpg,0
437951.jpg,0
437955.jpg,0
438065.jpg,0
438080.jpg,2
438112.jpg,0
438585.jpg,5
438606.jpg,1
438615.jpg,2
438768.jpg,3
438788.jpg,0
439227.jpg,2
439631.jpg,2
439798.jpg,4
439904.jpg,1
440037.jpg,1
440041.jpg,2
440130.jpg,2
440163.jpg,0
440228.jpg,4
440261.jpg,4
440288.jpg,2
440326.jpg,2
440348.jpg,3
440462.jpg,2
440467.jpg,0
440562.jpg,2
440644.jpg,4
441319.jpg,0
441426.jpg,3
441655.jpg,1
441825.jpg,1
441923.jpg,4
442270.jpg,2
442416.jpg,2
442620.jpg,3
442639.jpg,1
442714.jpg,3
442927.jpg,1
443068.jpg,5
443232.jpg,2
443440.jpg,3
443633.jpg,3
443640.jpg,3
443646.jpg,1
443676.jpg,1
443681.jpg,3
443920.jpg,3
443984.jpg,2
444009.jpg,4
444049.jpg,0
444126.jpg,0
444200.jpg,0
444303.jpg,1
444491.jpg,3
444508.jpg,0
444900.jpg,0
445188.jpg,0
445211.jpg,0
445245.jpg,3
445280.jpg,1
445327.jpg,0
445329.jpg,1
445357.jpg,3
445376.jpg,4
445420.jpg,5
445671.jpg,3
445682.jpg,5
445777.jpg,5
445799.jpg,1
445849.jpg,4
445854.jpg,5
445985.jpg,3
446011.jpg,1
446068.jpg,4
446130.jpg,5
446339.jpg,1
446365.jpg,5
446449.jpg,3
446618.jpg,3
446622.jpg,3
446694.jpg,3
446726.jpg,0
446732.jpg,3
446963.jpg,2
447239.jpg,2
447495.jpg,2
447735.jpg,0
447801.jpg,4
447974.jpg,2
448157.jpg,3
448260.jpg,2
448413.jpg,2
448478.jpg,2
448521.jpg,0
448620.jpg,2
448671.jpg,1
448838.jpg,0
449212.jpg,0
449299.jpg,0
449450.jpg,3
449468.jpg,2
449599.jpg,2
449642.jpg,0
449839.jpg,0
450123.jpg,2
450150.jpg,1
450434.jpg,5
450465.jpg,2
450933.jpg,3
451041.jpg,0
451229.jpg,3
451466.jpg,4
451494.jpg,5
451750.jpg,1
451781.jpg,4
451829.jpg,3
451911.jpg,1
451918.jpg,5
451939.jpg,2
452610.jpg,4
453267.jpg,4
453929.jpg,1
453974.jpg,1
454036.jpg,3
454038.jpg,0
454070.jpg,1
454930.jpg,0
455064.jpg,3
455468.jpg,4
455658.jpg,0
455672.jpg,4
455775.jpg,3
455890.jpg,0
456194.jpg,0
456201.jpg,1
456306.jpg,0
456371.jpg,5
456391.jpg,0
456437.jpg,0
456511.jpg,3
456751.jpg,0
456897.jpg,5
456976.jpg,0
457392.jpg,3
457621.jpg,0
457708.jpg,1
457862.jpg,2
458194.jpg,2
458332.jpg,0
458514.jpg,0
458738.jpg,4
458811.jpg,5
459420.jpg,0
459572.jpg,4
460186.jpg,2
460602.jpg,4
460833.jpg,4
461307.jpg,0
461449.jpg,3
461509.jpg,0
461586.jpg,0
461602.jpg,4
461631.jpg,4
461649.jpg,2
461790.jpg,3
461829.jpg,3
461853.jpg,2
461878.jpg,2
461986.jpg,3
462042.jpg,3
462061.jpg,1
462170.jpg,2
462996.jpg,3
463592.jpg,3
463602.jpg,4
464008.jpg,1
464786.jpg,4
464822.jpg,2
464962.jpg,2
465003.jpg,1
465043.jpg,2
466424.jpg,5
466693.jpg,0
466997.jpg,4
467048.jpg,0
467110.jpg,4
467306.jpg,4
468000.jpg,1
468155.jpg,3
468294.jpg,2
468596.jpg,4
469369.jpg,5
470084.jpg,2
470338.jpg,2
470643.jpg,0
470725.jpg,2
470825.jpg,3
470979.jpg,2
471183.jpg,2
471203.jpg,2
471346.jpg,1
471407.jpg,5
471505.jpg,2
472093.jpg,3
472095.jpg,2
472300.jpg,2
473025.jpg,3
473186.jpg,4
473252.jpg,3
473373.jpg,5
473413.jpg,3
473487.jpg,0
474275.jpg,2
474992.jpg,0
475051.jpg,0
475169.jpg,4
475307.jpg,4
475365.jpg,5
476441.jpg,2
476485.jpg,5
476544.jpg,1
476641.jpg,4
476831.jpg,4
476886.jpg,0
477021.jpg,3
477116.jpg,0
477419.jpg,1
479325.jpg,0
480242.jpg,2
480284.jpg,5
480301.jpg,4
480874.jpg,5
481138.jpg,1
481393.jpg,2
482116.jpg,2
482208.jpg,2
482449.jpg,1
482465.jpg,4
482602.jpg,5
482769.jpg,4
483308.jpg,1
483650.jpg,2
483858.jpg,1
483878.jpg,2
483993.jpg,2
485112.jpg,2
485529.jpg,0
485779.jpg,2
485872.jpg,1
486472.jpg,4
486506.jpg,2
486597.jpg,0
486714.jpg,3
486723.jpg,1
486759.jpg,0
487286.jpg,0
487427.jpg,5
487489.jpg,2
487750.jpg,0
487823.jpg,0
488226.jpg,2
488261.jpg,3
488304.jpg,4
488344.jpg,4
488367.jpg,2
488819.jpg,3
489121.jpg,3
489134.jpg,3
489199.jpg,3
489215.jpg,0
489412.jpg,1
489465.jpg,0
489791.jpg,5
490024.jpg,4
490094.jpg,3
490187.jpg,2
490332.jpg,1
490558.jpg,0
490589.jpg,0
490759.jpg,1
490803.jpg,5
490835.jpg,3
491038.jpg,2
491148.jpg,5
491273.jpg,1
491316.jpg,4
491363.jpg,4
491403.jpg,3
491455.jpg,2
491484.jpg,2
491508.jpg,2
491860.jpg,5
492106.jpg,2
492262.jpg,1
492292.jpg,3
492305.jpg,1
492355.jpg,3
492548.jpg,0
492640.jpg,3
492655.jpg,0
492878.jpg,2
493475.jpg,4
493668.jpg,3
494488.jpg,2
494519.jpg,4
494626.jpg,4
494923.jpg,1
494996.jpg,2
495835.jpg,1
495872.jpg,4
495906.jpg,1
496003.jpg,4
496015.jpg,1
496065.jpg,3
496073.jpg,5
496075.jpg,1
496114.jpg,1
496126.jpg,1
496129.jpg,1
496136.jpg,1
496313.jpg,3
496406.jpg,0
496761.jpg,0
496781.jpg,3
497112.jpg,3
497284.jpg,0
497568.jpg,0
497619.jpg,0
497686.jpg,2
497790.jpg,3
497893.jpg,0
497903.jpg,1
498122.jpg,3
498343.jpg,3
498746.jpg,2
498863.jpg,2
499070.jpg,2
499097.jpg,0
499123.jpg,3
499201.jpg,2
499210.jpg,3
499234.jpg,2
499368.jpg,5
500161.jpg,0
500242.jpg,1
500638.jpg,3
501064.jpg,3
501390.jpg,3
501441.jpg,4
501554.jpg,3
501892.jpg,5
502013.jpg,4
502018.jpg,0
502093.jpg,0
502442.jpg,3
502448.jpg,0
502449.jpg,5
502478.jpg,0
502630.jpg,0
502856.jpg,3
502906.jpg,2
503335.jpg,0
503752.jpg,4
504288.jpg,1
504455.jpg,1
504467.jpg,0
505043.jpg,3
505623.jpg,4
505652.jpg,0
505835.jpg,1
505837.jpg,0
505861.jpg,1
506189.jpg,1
506633.jpg,2
507149.jpg,0
507241.jpg,2
507665.jpg,2
507847.jpg,2
507854.jpg,2
507963.jpg,2
507967.jpg,0
508032.jpg,2
508077.jpg,2
508146.jpg,5
508201.jpg,2
509050.jpg,2
509286.jpg,2
509456.jpg,2
509485.jpg,2
510135.jpg,1
510740.jpg,3
510745.jpg,1
510882.jpg,1
511265.jpg,4
511735.jpg,3
512002.jpg,1
512114.jpg,2
512447.jpg,1
512664.jpg,3
513679.jpg,1
514261.jpg,0
514721.jpg,3
514973.jpg,2
515284.jpg,4
515906.jpg,2
515908.jpg,1
516086.jpg,0
516112.jpg,5
516206.jpg,3
516415.jpg,2
516442.jpg,3
516444.jpg,1
517780.jpg,0
518093.jpg,3
518388.jpg,2
518724.jpg,2
519850.jpg,3
520229.jpg,1
520281.jpg,1
520351.jpg,3
520402.jpg,0
520732.jpg,3
521055.jpg,3
521444.jpg,4
521493.jpg,3
521991.jpg,4
521998.jpg,2
522309.jpg,3
522484.jpg,1
522627.jpg,3
522651.jpg,3
522674.jpg,2
522718.jpg,3
523239.jpg,2
523427.jpg,1
523523.jpg,2
523787.jpg,3
524079.jpg,3
524724.jpg,0
524784.jpg,1
524820.jpg,3
524881.jpg,1
524993.jpg,1
524999.jpg,3
525283.jpg,4
525354.jpg,1
525645.jpg,2
525715.jpg,0
526072.jpg,1
526150.jpg,3
526321.jpg,0
526900.jpg,3
526968.jpg,3
527163.jpg,4
527273.jpg,3
527291.jpg,0
527582.jpg,4
528033.jpg,0
528431.jpg,3
528974.jpg,1
529168.jpg,0
530556.jpg,2
531309.jpg,2
532579.jpg,5
533083.jpg,2
533526.jpg,2
533750.jpg,2
533958.jpg,3
534096.jpg,2
534350.jpg,4
534416.jpg,4
535006.jpg,2
535358.jpg,2
536215.jpg,2
536461.jpg,4
536868.jpg,2
536959.jpg,0
537443.jpg,2
537511.jpg,4
537723.jpg,0
538086.jpg,0
538206.jpg,0
538242.jpg,4
538347.jpg,0
538546.jpg,4
538795.jpg,4
539252.jpg,0
539323.jpg,1
539395.jpg,1
539858.jpg,4
540060.jpg,4
540833.jpg,3
540929.jpg,4
541405.jpg,1
541801.jpg,1
542024.jpg,0
542065.jpg,0
542390.jpg,3
542452.jpg,3
542720.jpg,3
543104.jpg,4
543319.jpg,0
543430.jpg,3
543481.jpg,2
543637.jpg,0
543918.jpg,1
543952.jpg,4
543992.jpg,3
544523.jpg,1
544633.jpg,1
544873.jpg,3
544918.jpg,5
545777.jpg,0
545985.jpg,4
546374.jpg,2
546453.jpg,3
546523.jpg,3
546860.jpg,5
546875.jpg,0
547033.jpg,0
547450.jpg,0
547499.jpg,3
547809.jpg,3
547830.jpg,3
547843.jpg,3
547891.jpg,3
548661.jpg,4
549209.jpg,4
550013.jpg,1
550119.jpg,3
550270.jpg,4
550439.jpg,4
550549.jpg,4
550716.jpg,2
551376.jpg,0
551388.jpg,1
551433.jpg,3
551874.jpg,3
552836.jpg,2
552940.jpg,1
553486.jpg,0
554591.jpg,2
555183.jpg,2
555479.jpg,2
555638.jpg,5
555678.jpg,0
555682.jpg,1
556773.jpg,2
556846.jpg,2
556861.jpg,2
556953.jpg,2
556960.jpg,2
557427.jpg,0
557827.jpg,3
557999.jpg,3
558090.jpg,4
558903.jpg,3
559545.jpg,2
560446.jpg,4
560744.jpg,0
561371.jpg,0
562364.jpg,0
562795.jpg,0
562902.jpg,2
563158.jpg,2
563254.jpg,0
563275.jpg,2
563293.jpg,2
563436.jpg,5
564242.jpg,0
564384.jpg,4
566173.jpg,4
566236.jpg,1
566260.jpg,0
567114.jpg,2
567925.jpg,4
567972.jpg,1
569214.jpg,3
569842.jpg,3
569868.jpg,4
569920.jpg,0
569922.jpg,2
570001.jpg,0
570058.jpg,3
570104.jpg,3
570199.jpg,1
570348.jpg,3
570488.jpg,1
570677.jpg,0
570684.jpg,2
570689.jpg,0
570698.jpg,2
570952.jpg,3
571017.jpg,1
571255.jpg,3
571268.jpg,1
571272.jpg,1
571325.jpg,0
571354.jpg,3
571362.jpg,3
571427.jpg,1
571480.jpg,1
571486.jpg,1
571732.jpg,1
571764.jpg,1
571900.jpg,1
571928.jpg,1
572176.jpg,5
572274.jpg,5
572304.jpg,2
572719.jpg,2
572723.jpg,0
573721.jpg,0
573867.jpg,3
573887.jpg,0
573893.jpg,1
574019.jpg,0
574311.jpg,4
575194.jpg,2
575411.jpg,2
575540.jpg,3
575937.jpg,0
576064.jpg,1
576092.jpg,2
577317.jpg,0
577542.jpg,0
577637.jpg,0
577898.jpg,1
577934.jpg,1
578027.jpg,2
578298.jpg,0
578349.jpg,2
578489.jpg,4
578720.jpg,0
578773.jpg,2
579427.jpg,4
579693.jpg,0
579707.jpg,3
579993.jpg,0
580188.jpg,2
580612.jpg,2
581382.jpg,1
581628.jpg,0
581730.jpg,0
581883.jpg,0
582004.jpg,0
582325.jpg,0
582510.jpg,0
582552.jpg,4
582916.jpg,4
583651.jpg,2
584394.jpg,4
584492.jpg,3
584521.jpg,4
584920.jpg,3
585409.jpg,4
586339.jpg,3
586902.jpg,4
587182.jpg,0
587430.jpg,1
587828.jpg,2
587886.jpg,4
588064.jpg,3
588900.jpg,5
589354.jpg,4
589570.jpg,3
589763.jpg,0
590559.jpg,0
590860.jpg,4
591473.jpg,0
591723.jpg,1
591798.jpg,4
592220.jpg,0
592510.jpg,5
593136.jpg,1
593232.jpg,0
593261.jpg,3
593385.jpg,3
593479.jpg,4
593603.jpg,4
593637.jpg,2
593639.jpg,0
593671.jpg,3
593996.jpg,4
594084.jpg,4
594734.jpg,2
594741.jpg,2
595373.jpg,3
595921.jpg,2
596037.jpg,3
596133.jpg,4
597293.jpg,0
597437.jpg,1
597613.jpg,4
597667.jpg,0
597954.jpg,0
598061.jpg,0
598187.jpg,4
598194.jpg,0
598221.jpg,3
598226.jpg,0
598241.jpg,4
598330.jpg,0
598392.jpg,0
598510.jpg,0
598749.jpg,1
599328.jpg,4
600373.jpg,2
600913.jpg,2
600994.jpg,1
601052.jpg,1
601075.jpg,0
601857.jpg,2
601928.jpg,5
602006.jpg,2
602105.jpg,1
602113.jpg,1
602492.jpg,0
602540.jpg,3
602820.jpg,3
602893.jpg,1
603041.jpg,2
603787.jpg,2
603819.jpg,1
603863.jpg,2
603890.jpg,0
603990.jpg,4
604084.jpg,1
604106.jpg,0
604125.jpg,3
604176.jpg,3
604387.jpg,4
604482.jpg,0
604813.jpg,1
604881.jpg,0
604892.jpg,2
605068.jpg,4
605656.jpg,4
605795.jpg,2
606136.jpg,0
606156.jpg,0
606209.jpg,0
606425.jpg,3
606516.jpg,3
606527.jpg,2
606549.jpg,3
606617.jpg,0
606671.jpg,0
606802.jpg,1
607255.jpg,0
608028.jpg,4
608352.jpg,3
608663.jpg,3
609022.jpg,2
609549.jpg,4
609860.jpg,4
610325.jpg,3
611089.jpg,0
611532.jpg,0
611695.jpg,0
612340.jpg,4
612977.jpg,4
613064.jpg,3
613078.jpg,4
614061.jpg,0
614196.jpg,0
614563.jpg,0
614695.jpg,0
614902.jpg,0
615013.jpg,2
615627.jpg,3
615638.jpg,3
615968.jpg,5
616033.jpg,3
616271.jpg,3
616272.jpg,4
616852.jpg,2
617143.jpg,2
617424.jpg,2
617732.jpg,1
618206.jpg,3
618238.jpg,2
618333.jpg,2
618584.jpg,1
618975.jpg,5
619179.jpg,2
619248.jpg,2
619635.jpg,2
619649.jpg,3
619785.jpg,2
619824.jpg,2
619840.jpg,2
619957.jpg,2
620308.jpg,5
620707.jpg,4
620831.jpg,4
620989.jpg,4
621501.jpg,3
622319.jpg,4
622447.jpg,4
622739.jpg,1
623078.jpg,0
623270.jpg,1
623340.jpg,2
623460.jpg,3
623541.jpg,1
623688.jpg,3
623699.jpg,1
623775.jpg,3
623829.jpg,1
624119.jpg,5
624346.jpg,0
624374.jpg,5
624504.jpg,1
624667.jpg,0
624764.jpg,0
625067.jpg,3
625068.jpg,3
625205.jpg,5
625394.jpg,4
625534.jpg,4
625602.jpg,4
625646.jpg,3
625958.jpg,3
625987.jpg,0
626038.jpg,5
626147.jpg,5
626327.jpg,3
626466.jpg,0
626571.jpg,5
626907.jpg,1
627144.jpg,3
627164.jpg,3
627334.jpg,3
627426.jpg,2
627512.jpg,5
627536.jpg,0
627610.jpg,1
627728.jpg,1
627975.jpg,3
627984.jpg,0
628107.jpg,1
629557.jpg,2
629645.jpg,2
629727.jpg,2
630808.jpg,5
631246.jpg,3
631824.jpg,3
631898.jpg,0
631938.jpg,1
632290.jpg,4
632313.jpg,1
632599.jpg,1
632678.jpg,3
632867.jpg,1
632875.jpg,3
632886.jpg,3
632958.jpg,1
632964.jpg,1
633001.jpg,1
633415.jpg,2
633450.jpg,1
633598.jpg,4
633796.jpg,1
633835.jpg,1
633871.jpg,5
634196.jpg,0
634288.jpg,4
634462.jpg,0
634703.jpg,3
635217.jpg,1
635266.jpg,2
635473.jpg,0
635508.jpg,3
635790.jpg,1
635846.jpg,0
635865.jpg,0
635867.jpg,3
636148.jpg,3
636185.jpg,3
636222.jpg,3
636539.jpg,4
637422.jpg,0
637478.jpg,0
637530.jpg,3
638017.jpg,0
638388.jpg,4
638393.jpg,0
638490.jpg,3
638666.jpg,0
638673.jpg,0
638859.jpg,1
638876.jpg,0
638942.jpg,0
638943.jpg,0
638972.jpg,0
638985.jpg,0
639017.jpg,0
639338.jpg,2
639579.jpg,1
639636.jpg,1
639691.jpg,0
639708.jpg,1
639787.jpg,0
639893.jpg,1
640398.jpg,5
640543.jpg,0
640855.jpg,1
640869.jpg,0
640959.jpg,3
641065.jpg,2
641624.jpg,0
642051.jpg,4
642360.jpg,2
642511.jpg,0
642848.jpg,0
642983.jpg,0
643188.jpg,4
644329.jpg,0
645292.jpg,3
645443.jpg,3
645462.jpg,3
645510.jpg,0
645693.jpg,2
646148.jpg,0
646376.jpg,4
647910.jpg,1
648066.jpg,2
648201.jpg,1
648324.jpg,3
648508.jpg,2
648622.jpg,3
648665.jpg,0
648886.jpg,1
648903.jpg,3
648925.jpg,1
649045.jpg,2
649600.jpg,0
650077.jpg,0
650082.jpg,2
650178.jpg,3
650202.jpg,0
650328.jpg,0
650451.jpg,0
650571.jpg,0
650607.jpg,0
650634.jpg,0
650749.jpg,0
650793.jpg,0
650847.jpg,0
650864.jpg,0
650908.jpg,2
651531.jpg,3
651547.jpg,0
651595.jpg,0
651914.jpg,5
652331.jpg,1
652507.jpg,1
652820.jpg,0
652930.jpg,5
652937.jpg,2
653074.jpg,3
653347.jpg,1
653684.jpg,0
653691.jpg,1
653729.jpg,1
653731.jpg,5
654100.jpg,0
654329.jpg,4
654436.jpg,3
654527.jpg,3
654545.jpg,4
654781.jpg,4
655141.jpg,4
655503.jpg,0
656188.jpg,1
656203.jpg,2
656244.jpg,2
656284.jpg,4
656665.jpg,0
656862.jpg,3
656897.jpg,1
656909.jpg,4
657027.jpg,1
657082.jpg,1
657092.jpg,4
657130.jpg,4
657878.jpg,2
658110.jpg,0
658264.jpg,0
658307.jpg,2
658328.jpg,0
658359.jpg,2
658625.jpg,2
659530.jpg,3
659551.jpg,5
659595.jpg,3
659689.jpg,0
660095.jpg,3
660449.jpg,0
660678.jpg,4
660717.jpg,2
661415.jpg,4
661623.jpg,1
661854.jpg,2
661873.jpg,1
662133.jpg,1
662424.jpg,0
663183.jpg,0
663724.jpg,1
663768.jpg,0
663791.jpg,1
663893.jpg,1
663927.jpg,1
663979.jpg,0
664131.jpg,1
664215.jpg,5
664217.jpg,0
664370.jpg,3
664677.jpg,0
664688.jpg,3
664705.jpg,1
664741.jpg,4
664768.jpg,1
664928.jpg,4
664937.jpg,0
664960.jpg,4
665239.jpg,1
666132.jpg,0
666440.jpg,0
666519.jpg,0
667139.jpg,4
668348.jpg,1
668949.jpg,3
668980.jpg,0
669113.jpg,5
669252.jpg,2
669855.jpg,1
670059.jpg,5
670298.jpg,3
670422.jpg,3
670826.jpg,0
671440.jpg,4
671769.jpg,5
671853.jpg,4
672020.jpg,3
672179.jpg,2
672754.jpg,4
673359.jpg,2
673449.jpg,5
674418.jpg,2
674448.jpg,2
674455.jpg,0
674644.jpg,3
674825.jpg,1
674966.jpg,0
676008.jpg,0
676062.jpg,0
676105.jpg,2
676464.jpg,3
676570.jpg,1
676743.jpg,3
676963.jpg,0
677156.jpg,4
677462.jpg,2
677510.jpg,3
677533.jpg,3
677856.jpg,0
677864.jpg,1
678001.jpg,0
678012.jpg,4
678266.jpg,4
678770.jpg,0
679656.jpg,1
680000.jpg,0
680143.jpg,1
680234.jpg,2
680460.jpg,2
680567.jpg,0
681047.jpg,1
681489.jpg,2
681727.jpg,2
681820.jpg,3
681962.jpg,3
682095.jpg,0
682098.jpg,3
682260.jpg,2
682340.jpg,0
682720.jpg,3
682915.jpg,2
682940.jpg,2
683333.jpg,3
683406.jpg,0
683880.jpg,4
683934.jpg,2
684190.jpg,2
684225.jpg,2
684537.jpg,0
685248.jpg,0
685348.jpg,3
685351.jpg,3
686401.jpg,0
686466.jpg,0
686794.jpg,2
686887.jpg,2
687064.jpg,1
687192.jpg,3
687234.jpg,3
687303.jpg,1
687362.jpg,3
687374.jpg,3
687500.jpg,4
687748.jpg,2
687839.jpg,3
687892.jpg,1
688646.jpg,2
689092.jpg,2
689386.jpg,2
689579.jpg,2
689588.jpg,2
689636.jpg,2
689702.jpg,2
689738.jpg,2
689836.jpg,0
690431.jpg,3
690465.jpg,1
691005.jpg,4
691036.jpg,4
691042.jpg,4
691244.jpg,1
691627.jpg,3
691747.jpg,1
692145.jpg,1
692228.jpg,4
692411.jpg,4
692445.jpg,0
692659.jpg,2
692839.jpg,0
693329.jpg,2
693402.jpg,0
693929.jpg,3
693930.jpg,1
694264.jpg,1
694374.jpg,1
694377.jpg,3
694906.jpg,3
695533.jpg,2
695818.jpg,1
696581.jpg,1
696682.jpg,3
696821.jpg,3
696895.jpg,3
696943.jpg,3
696978.jpg,3
697061.jpg,1
698274.jpg,0
698298.jpg,2
698524.jpg,2
698623.jpg,1
699349.jpg,4
699650.jpg,4
699690.jpg,4
699701.jpg,4
700737.jpg,3
702727.jpg,3
703365.jpg,2
704068.jpg,4
704196.jpg,5
704217.jpg,3
704239.jpg,3
704341.jpg,0
704478.jpg,2
705364.jpg,0
706067.jpg,3
706119.jpg,1
706449.jpg,3
706491.jpg,0
706932.jpg,2
707600.jpg,3
708613.jpg,0
708783.jpg,2
708843.jpg,2
708985.jpg,2
709141.jpg,4
709505.jpg,4
710077.jpg,5
710179.jpg,5
710248.jpg,4
710357.jpg,3
710706.jpg,3
710763.jpg,4
710830.jpg,1
711411.jpg,1
711716.jpg,1
711978.jpg,4
712018.jpg,2
712077.jpg,1
712186.jpg,1
712274.jpg,0
712539.jpg,0
712646.jpg,3
712728.jpg,3
712841.jpg,0
712958.jpg,4
713177.jpg,0
713566.jpg,0
713601.jpg,0
713683.jpg,0
713725.jpg,0
713734.jpg,0
714118.jpg,0
714344.jpg,0
714356.jpg,5
714552.jpg,3
714885.jpg,0
715597.jpg,3
716237.jpg,0
716457.jpg,4
716850.jpg,0
717216.jpg,2
717600.jpg,2
717960.jpg,0
719799.jpg,4
719845.jpg,5
719975.jpg,4
721619.jpg,1
721806.jpg,2
721817.jpg,1
721981.jpg,1
722551.jpg,3
723389.jpg,0
724144.jpg,2
724403.jpg,3
724462.jpg,4
724470.jpg,3
724479.jpg,4
725159.jpg,0
725813.jpg,0
725874.jpg,4
726037.jpg,4
726664.jpg,3
726859.jpg,2
726922.jpg,1
727072.jpg,2
727195.jpg,3
727204.jpg,5
728483.jpg,5
728501.jpg,1
728563.jpg,2
728673.jpg,2
728710.jpg,2
728817.jpg,2
728890.jpg,1
729165.jpg,2
729314.jpg,2
730292.jpg,0
730510.jpg,1
731072.jpg,4
731619.jpg,0
731662.jpg,1
731886.jpg,0
732141.jpg,0
732181.jpg,0
732208.jpg,0
732221.jpg,0
732247.jpg,0
732297.jpg,3
732718.jpg,3
733394.jpg,0
733554.jpg,0
733718.jpg,2
733823.jpg,2
734035.jpg,3
734199.jpg,3
734223.jpg,4
734505.jpg,3
734590.jpg,4
735046.jpg,0
735130.jpg,2
735155.jpg,2
735265.jpg,1
735274.jpg,3
735344.jpg,3
735389.jpg,3
735460.jpg,3
735697.jpg,1
736009.jpg,1
736015.jpg,3
736020.jpg,1
736582.jpg,4
736694.jpg,5
737932.jpg,4
738036.jpg,2
738273.jpg,2
738482.jpg,3
738660.jpg,1
738960.jpg,0
738962.jpg,2
740238.jpg,4
740978.jpg,3
740979.jpg,4
741057.jpg,1
741209.jpg,0
741458.jpg,4
741682.jpg,5
741971.jpg,2
742031.jpg,4
742501.jpg,4
742534.jpg,2
742602.jpg,2
742662.jpg,3
742826.jpg,4
742897.jpg,0
742927.jpg,3
743024.jpg,2
743297.jpg,0
743326.jpg,0
743339.jpg,5
743360.jpg,1
743446.jpg,0
743577.jpg,0
743636.jpg,2
743657.jpg,0
743675.jpg,3
743682.jpg,3
744068.jpg,1
744305.jpg,1
745204.jpg,3
745205.jpg,4
745359.jpg,0
745411.jpg,3
745890.jpg,0
746018.jpg,2
746252.jpg,2
747727.jpg,3
747942.jpg,4
748668.jpg,1
748899.jpg,0
749393.jpg,1
749443.jpg,3
750439.jpg,1
750455.jpg,2
750672.jpg,4
750712.jpg,2
750726.jpg,4
750758.jpg,2
750771.jpg,4
751090.jpg,2
751144.jpg,3
751215.jpg,1
751291.jpg,2
751519.jpg,4
751752.jpg,1
751963.jpg,3
753815.jpg,0
754365.jpg,4
754498.jpg,2
754663.jpg,0
754817.jpg,2
754930.jpg,0
755036.jpg,2
755204.jpg,0
755271.jpg,5
755330.jpg,3
755372.jpg,2
755547.jpg,0
755987.jpg,2
756190.jpg,2
756257.jpg,0
756688.jpg,0
756713.jpg,1
756755.jpg,2
757211.jpg,3
757408.jpg,3
757468.jpg,3
757497.jpg,2
757824.jpg,3
758001.jpg,3
758030.jpg,2
758301.jpg,3
758344.jpg,3
758519.jpg,3
758642.jpg,3
758981.jpg,0
759004.jpg,3
759006.jpg,4
759655.jpg,3
759658.jpg,4
759764.jpg,3
759859.jpg,0
760064.jpg,0
760218.jpg,3
760236.jpg,2
760247.jpg,2
760475.jpg,4
760536.jpg,0
760812.jpg,3
761213.jpg,1
761279.jpg,3
761424.jpg,4
762661.jpg,3
763181.jpg,0
763346.jpg,0
763789.jpg,3
763906.jpg,0
763937.jpg,0
763966.jpg,0
764384.jpg,0
764393.jpg,4
764396.jpg,0
764503.jpg,0
764555.jpg,0
765543.jpg,3
765585.jpg,4
765644.jpg,4
765684.jpg,1
